Shelf_1,Shelf_2,Shelf_3,Shelf_4,Shelf_5,Shelf_6,Shelf_7,Shelf_8,Shelf_9,Shelf_10,Shelf_11,Shelf_12
Eragon,The Holy Bible: King James Version,Atlas Shrugged,Frankenstein,Jules Verne: Seven Stories,Harry Potter and the Sorcerer's Stone,Dune,Harry Potter and History,The Chronicles of Vladimir Todd; 3 Tenth Grade Bleeds,Tales From Panchtantra -Bpi,,
Eldest,Atomic Habits: An Easy and Proven Way to Build Good Habits and Break Bad Ones,The Fountainhead (Centennial Edition HC),Macabre Stories,The Adventures of Tom Sawyer by Mark Twain Annotated Version,Harry Potter and the Chamber of Secrets,Dune Messiah,The Tales of Beedle the Bard - Illustrated Edition: A Magical Companion to the Harry Potter Stories,Le Petit Prince,,,
Brisingr: Book Three,Cheating Lessons: Learning From Academic Dishonesty,Anthem,Randolph Carter Tales,At the Mountains of Madness,Harry Potter and the Prisoner of Azkaban,American Gods,,,,,
Inheritance,Make It Stick: The Science of Successful Learning,Don Quixote,Stories of the Dreamlands,BioShock: Rapture,Harry Potter and the Goblet of Fire,,,,,,
The Chronicles of Narnia: The Magician's Nephew,Beyond Good and Evil,The Outsiders 50th Anniversary Edition,The Dunwich Horror,Ender's Game,Harry Potter and the Order of the Phoenix,,,,,,
"The Lion, the Witch and the Wardrobe: The Chronicles of Narnia",Meditations,The Time Machine,The Mystery of the Pale King,Scarecrow Returns: A Novel,Harry Potter and the Half-Blood Prince,,,,,,
The Horse and His Boy: The Chronicles of Narnia,Indian Myths,The Call of Cthulu: A Horror Short From H.P. Lovecraft,Dark Celebration: Number 17 in Series,To Kill a Mocking Bird,Harry Potter and the Deathly Hallows,,,,,,
The Chronicles of Narnia: Prince Caspian,An Introduction to the Metaphysics of St. Thomas Aquinas: Texts,The Awakening: A Novel,Gothic Dreams Steampunk,,Harry Potter: (Spanish Edition) Libro 1,,,,,,
The Chronicles of Narnia: The Voyage of the Dawn Treader,"The Philosophy of Kant: Immanuel Kant's Moral and Political Writings, Edited, With an Introduction by Carl J. Friedrich",The Giver,The Strange Case of Dr. Jekyll and Mr. Hyde,,,,,,,,
The Chronicles of Narnia: The Silver Chair,The Graduate's Handbook: Your No-Nonsense Guide for What Comes Next,Holidays on Ice,,,,,,,,,
The Last Battle: The Chronicles of Narnia,Mythology,Skeleton Crew: Stories,,,,,,,,,
Fablehaven,Berserk Volume 1 Deluxe Edition,Revival,,,,,,,,,
Rise of the Evening Star,Batman: Earth One Vol. 2,Lights Out,,,,,,,,,
Grip of the Shadow Plague,Yes Please,Nightmares & Dreamscapes,,,,,,,,,
Secrets of the Dragon Sanctuary,The Strange Fascinations of Noah Hypnotik,She's Come Undone,,,,,,,,,
Keys to the Demon Prison,Fargo Rock City,Blue Dahlia: Number 1 in Series,,,,,,,,,
Percy Jackson and the Lightning Thief (Book 1),"The Official Rules of Chess: Professional, Scholastic, Amateur & Internet Chess Rules",Dating Game: A Novel,,,,,,,,,
Percy Jackson and the Sea of Monsters (Book 2),The Right Way to Play Chess,"The Invisible Man, the Time Machine, & the War of the Worlds",,,,,,,,,
Percy Jackson and the Titan's Curse (Book 3),Bobby Fischer Teaches Chess,The Divine Comedy,,,,,,,,,
Percy Jackson and the Battle of the Labyrinth (Book 4),Poker: Official Rules and Games,The Iliad,,,,,,,,,
Percy Jackson and the Last Olympian (Book 5),"Billiards, Revised and Updated: The Official Rules and Records Book",Dracula,,,,,,,,,
The Red Pyramid (The Kane Chronicles Book 1),William Shakespeare on the Art of Love: The Illustrated Edition of the Most Beautiful Love Passages in Shakespeare's Plays and Poetry,Pride and Prejudice,,,,,,,,,
The Sword of Summer,Short Stories,,,,,,,,,,
,Stories From the Thousand and One Nights.,,,,,,,,,,
,"Wind, Sand and Stars",,,,,,,,,,
,The Basics of China Painting,,,,,,,,,,
,"Color Mixing Bible: All You'll Ever Need to Know About Mixing Pigments in Oil, Acrylic, Watercolor, Gouache, Soft Pastel, Pencil, and Ink",,,,,,,,,,
,"The Ceramics Bible: The Complete Guide to Materials and Techniques (Ceramics Book, Ceramics Tools Book, Ceramics Kit Book)",,,,,,,,,,
,Tattoo Flash Volume 1,,,,,,,,,,
,Anglo Celtic Patterns and Motifs,,,,,,,,,,
,Classic Flash in Five Bold Colors,,,,,,,,,,
,"Stewed, Screwed, and Tattooed",,,,,,,,,,
,Heavily Tattooed Men and Women,,,,,,,,,,
,TATTOO. 1730s-1970s. Henk Schiffmacher's Private Collection. 40th Ed,,,,,,,,,,
,This Is a Book for People Who Love Tattoos,,,,,,,,,,
,ABC Tattoo Flash Volume 2,,,,,,,,,,
,"New French-English (English-French) Pronouncing Dictionary, on the Basis of Nugent, by a Member of the University of Paris",,,,,,,,,,
,English - Hindi Dictionary (Pocket Size),,,,,,,,,,
,"English-Telugu Learner's Dictionary (Arranged by Themes, Beginner Level)",,,,,,,,,,
,Beginner's Hindi Script,,,,,,,,,,
,Vox Compact Spanish and English Dictionary: English-Spanish/Spanish-English,,,,,,,,,,
,English to French (One Way) Gem Dictionary: Trusted Support for Learning (Collins Gem),,,,,,,,,,
,"Complete Hindi: Beginner to Intermediate Course: Learn to Read, Write, Speak and Understand a New Language",,,,,,,,,,
,The Ultimate Spanish Review and Practice,,,,,,,,,,
,books_calibre,,,,,,,,,,
